FILENAME,Modal name,% Name Agreement (/Fq names),% DKO,% DKN
50dollarbill,50$ bill,37%,0.0%,0.0%
adjustablewrench01b,wrench,78%,0.0%,17.9%
alarmclock01,alarm clock,44%,5.1%,2.6%
almond,almonds,72%,0.0%,0.0%
antenna,antenna,74%,10.3%,5.1%
apple07,apple,95%,0.0%,0.0%
apricot,peach,62%,0.0%,2.6%
arugula,spinach,26%,5.1%,12.8%
ashtray01,ashtray,92%,0.0%,5.1%
asparagus,asparagus,81%,7.7%,7.7%
avcable,cables,28%,2.6%,5.1%
avocado01,avocado,89%,0.0%,2.6%
axe01,axe,76%,2.6%,7.7%
backpack01a,backpack,77%,0.0%,0.0%
bag,bag,37%,0.0%,2.6%
bagel01,bagel,87%,0.0%,0.0%
bagofpowder,bag,15%,18.4%,10.5%
bagtie,bag tie,19%,8.1%,48.6%
baguette01,bread,50%,0.0%,2.6%
ball02,ball,88%,7.7%,5.1%
balloon01b,balloon,87%,0.0%,0.0%
banana01,banana,100%,0.0%,0.0%
bandage,bandage,42%,7.7%,15.4%
bandaid01,band-aid,75%,7.9%,7.9%
baseball01a,baseball,87%,0.0%,0.0%
bastingbrush,brush,37%,7.7%,12.8%
battery02b,battery,95%,0.0%,0.0%
beermug01a,beer mug,26%,0.0%,0.0%
belt02a,belt,95%,0.0%,0.0%
bib,Bib,84%,0.0%,8.1%
bikehelmet,helmet,50%,0.0%,2.6%
binder03b,binder,68%,0.0%,0.0%
binoculars01b,binoculars,97%,0.0%,5.1%
birdie,birdie,38%,5.3%,10.5%
blackberry,blackberry,70%,2.6%,7.7%
bleachbottle,bottle,30%,2.6%,2.6%
blueberry01,blueberry,94%,5.1%,2.6%
boltandnut02,screw,36%,2.7%,5.4%
book01b,book,90%,0.0%,0.0%
boosterseat,baby seat,31%,2.6%,5.1%
boot02b,boot,82%,0.0%,0.0%
bottlecap,bottle cap,86%,0.0%,5.3%
bottleofredwine01,wine bottle,68%,0.0%,0.0%
bottleopener01,bottle opener,69%,2.6%,7.7%
bowl01,bowl,67%,0.0%,0.0%
bowl02a,bowl,85%,0.0%,0.0%
box01a,box,49%,0.0%,0.0%
boxcutter03a,exacto knife,41%,0.0%,13.2%
bracelet01,bracelet,62%,2.6%,5.1%
bracelet04,bracelet,52%,5.1%,12.8%
branch02,branch,40%,2.6%,2.6%
brick,brick,100%,0.0%,5.1%
broccoli01a,broccoli,97%,0.0%,0.0%
brooch,brooch,52%,7.9%,7.9%
broom01,broom,94%,0.0%,5.1%
brusselssprout,brussels sprout,31%,0.0%,7.7%
bubbleblower,bubbles,23%,2.6%,10.5%
bucket01a,bucket,58%,0.0%,0.0%
bungeecord02,bungee cord,48%,2.6%,20.5%
butterdish,butter dish,52%,7.7%,23.1%
button01,button,100%,0.0%,0.0%
cabbage,cabbage,76%,0.0%,0.0%
calculator01,calculator,100%,0.0%,0.0%
camera01a,camera,82%,0.0%,0.0%
cameracase01a,camera case,26%,0.0%,0.0%
candle01,candle,100%,0.0%,2.6%
candle08b,candle,97%,2.6%,0.0%
candleholder01,candle holder,54%,7.9%,18.4%
candy,candy,95%,0.0%,2.6%
cane,cane,71%,0.0%,7.7%
canister,canister,21%,0.0%,15.4%
cantaloupe01,cantaloupe,58%,0.0%,2.6%
cap01a,cap,49%,0.0%,0.0%
cardboardbox,box,59%,0.0%,0.0%
carkey,car keys,66%,0.0%,0.0%
carrot01,carrot,97%,0.0%,0.0%
carwashmitt,car wash mitt,15%,5.1%,20.5%
cassettetape01a,cassette tape,35%,0.0%,0.0%
cauliflower01,cauliflower,95%,0.0%,2.6%
caulking,caulking,42%,10.3%,28.2%
cclamp,clamp,32%,2.9%,40.0%
cd,cd,92%,0.0%,0.0%
celery,celery,100%,0.0%,7.7%
cellphone,cell phone,85%,0.0%,0.0%
chain01,chain,95%,0.0%,2.6%
chalk,chalk,100%,12.8%,5.1%
chalkboard01,chalkboard,35%,5.3%,13.2%
chalkboarderaser01,eraser,24%,5.1%,0.0%
champagne,champagne,41%,0.0%,0.0%
cheeseknife01,butter knife,40%,26.3%,21.1%
cherry01,cherries,100%,0.0%,0.0%
chessboard,chess board,34%,0.0%,0.0%
chisel02b,chisel,53%,7.9%,47.4%
chocolatefonduedish,fondue dish,15%,5.1%,23.1%
christmasball,christmas ball,37%,0.0%,12.5%
cigarette,cigarette,95%,0.0%,0.0%
cleaver01,knife,64%,2.6%,5.1%
clipboard,clipboard,79%,0.0%,23.1%
clock01a,clock,92%,0.0%,0.0%
clock04,clock,87%,0.0%,0.0%
clothespin03b,clothes pin,72%,2.6%,10.3%
coaster,tile,65%,12.8%,17.9%
coconut,coconut,89%,2.6%,2.6%
coffeebean,coffee beans,79%,0.0%,0.0%
coffeepot03a,coffee pot,50%,0.0%,2.6%
coin01b,coins,62%,0.0%,0.0%
cola,cola,16%,0.0%,0.0%
comb02a,comb,87%,0.0%,0.0%
compactpowder,compact,26%,0.0%,10.5%
computerkeyboard02,keyboard,89%,0.0%,0.0%
computermouse06,mouse,85%,0.0%,0.0%
condom,condom,100%,0.0%,0.0%
cookie01,cookie,82%,2.6%,0.0%
cookiecutter,cookie cutter,71%,2.6%,15.4%
cooler01,cooler,63%,0.0%,2.6%
cork01,cork,39%,15.4%,5.1%
corkscrew03a,corkscrew,68%,0.0%,12.8%
cottonpad,cotton pad,31%,10.3%,12.8%
cracker02,cracker,72%,0.0%,0.0%
crayon,crayon,82%,0.0%,0.0%
crocodileclips,cable,24%,23.1%,25.6%
croissant01,croissant,89%,0.0%,0.0%
crumpledpaper,paper,49%,2.6%,0.0%
cucumber,cucumber,95%,0.0%,0.0%
cuttingboard,cutting board,48%,13.2%,21.1%
cuttingpliers02,pliers,48%,0.0%,28.2%
date,raisin,74%,0.0%,2.6%
dentalfloss03b,dental floss,50%,0.0%,5.1%
deodorant02a,deodorant,86%,0.0%,2.6%
diaper01c,diaper,78%,2.6%,2.6%
dice05a,dice,97%,0.0%,2.6%
dishsoap,dish soap,42%,0.0%,2.6%
divider02,divider,28%,2.6%,12.8%
doll,doll,78%,0.0%,2.7%
doorlock,lock,49%,0.0%,5.1%
drill01b,drill,47%,0.0%,10.5%
drillbit03a,drill bit,66%,0.0%,15.4%
dropper01,dropper,72%,7.7%,23.1%
drum01,drum,51%,2.6%,5.1%
dustpan,dust pan,82%,0.0%,20.5%
dvdplayer,DVD player,41%,33.3%,19.4%
earring01,earrings,100%,10.8%,0.0%
egg01a,egg,40%,21.1%,10.5%
eggplant,eggplant,89%,0.0%,2.6%
electricrazor,electric razor,47%,0.0%,0.0%
endive,endive,57%,2.6%,30.8%
englishmuffin,english muffin,53%,0.0%,2.6%
envelope03a,envelope,100%,0.0%,0.0%
eraser,eraser,92%,0.0%,2.6%
ethernetcable02,cable,25%,0.0%,5.1%
exercisebench,exercise bench,27%,5.1%,15.4%
expandablefolder03a,folder,47%,2.9%,2.9%
expansioncard,motherboard,26%,0.0%,5.3%
extensioncord,extension cord,43%,0.0%,2.6%
eyedrops,eye drops,19%,12.8%,7.7%
fan,fan,89%,0.0%,0.0%
feather03a,feather,100%,0.0%,2.6%
filmnegative,film,37%,0.0%,0.0%
filmroll,film,46%,0.0%,0.0%
fireextinguisher01,fire extinguisher,67%,5.1%,7.7%
fishinghook03,fishing hook,50%,2.6%,15.4%
flashlight02b,flashlight,75%,0.0%,5.3%
flask,flask,56%,0.0%,5.1%
floortile01,tile,91%,7.9%,7.9%
floppydisk02a,floppy disk,30%,0.0%,0.0%
fluorescenttubelight01,fluorescent tube,11%,23.1%,5.1%
flyswatter,fly swatter,90%,0.0%,17.9%
folder,folder,51%,0.0%,5.1%
fonduefork01,fondue fork,25%,0.0%,31.6%
foodprocessor,blender,40%,0.0%,2.7%
fork03c,fork,97%,0.0%,0.0%
fork07b,fork,83%,0.0%,7.7%
fountainpen,pen,37%,2.6%,2.6%
fryingpan02a,frying pan,58%,0.0%,0.0%
fusilli03a,pasta,62%,0.0%,10.3%
gamepiece,game piece,22%,18.4%,18.4%
gardenshears01a,cutter,14%,10.5%,31.6%
garlic01a,garlic,87%,0.0%,0.0%
garlicpress02a,garlic press,57%,5.1%,17.9%
giftbag01a,gift bag,39%,0.0%,0.0%
giftbow02b,bow,45%,0.0%,10.5%
giftbow04,bow,45%,0.0%,7.7%
ginger,ginger,89%,2.6%,5.3%
glass02a,plastic cup,27%,0.0%,0.0%
glasses01a,glasses,72%,0.0%,0.0%
glassescase,wallet,46%,0.0%,2.6%
glassmop,mop,67%,0.0%,5.3%
globe,globe,89%,0.0%,0.0%
gluestick,glue stick,58%,0.0%,2.6%
gluetube,glue,38%,10.3%,7.7%
grape01,grapes,92%,0.0%,0.0%
grater01a,grater,52%,0.0%,21.6%
greenolive,olive,89%,0.0%,2.6%
greenonion,green onion,46%,0.0%,5.4%
hairband,hair band,52%,0.0%,23.1%
hairclip02,Hairclip,70%,2.6%,7.9%
hairclip03,hair clip,68%,2.7%,2.7%
hairclipper,hair clipper,19%,7.7%,10.3%
hairdryer02a,hair dryer,68%,0.0%,5.1%
hairpin,hair pin,43%,2.6%,2.6%
hammer01,hammer,100%,0.0%,2.6%
handbag02a,bag,38%,0.0%,0.0%
handfan01b,fan,53%,0.0%,7.9%
handmixer01d,mixer,35%,0.0%,10.3%
handrake01a,hand rake,21%,13.2%,39.5%
hanger02a,hanger,78%,0.0%,2.6%
hat03b,hat,72%,0.0%,0.0%
headphones02b,headphones,71%,0.0%,0.0%
highheelshoe01,shoe,53%,0.0%,0.0%
highlighter02b,marker,56%,0.0%,0.0%
hikingshoe01,shoe,59%,0.0%,0.0%
hinge,hinge,63%,2.6%,15.8%
honeydewmelon,melon,67%,5.4%,2.7%
horsefigurine,horse,26%,0.0%,2.8%
hosenozzle,hose nozzle,46%,5.1%,25.6%
hourglass,hourglass,41%,0.0%,5.4%
iceberglettuce,lettuce,44%,0.0%,7.7%
icecreamcone01a,ice cream cone,63%,0.0%,2.6%
icecube01,ice cube,55%,44.7%,26.3%
icecubetray01a,ice cube tray,55%,0.0%,0.0%
icepack,ice pack,74%,0.0%,10.3%
iceskate,skate,50%,0.0%,2.6%
insulation,insulation,29%,28.2%,28.2%
interlockingbuildingblock03b,lego,30%,5.1%,10.3%
iron01b,iron,92%,0.0%,0.0%
jack,jack,17%,17.9%,35.9%
jar02,bottle,24%,2.6%,21.1%
jar03,jar,34%,0.0%,2.6%
jewelrybox01b,jewelry box,39%,0.0%,2.6%
jigsaw,jigsaw,20%,20.5%,12.8%
jug,pitcher,31%,0.0%,7.7%
kettle01,kettle,68%,0.0%,0.0%
key01,key,97%,0.0%,0.0%
keychain,key chain,50%,0.0%,10.5%
kitchenscale01a,scale,47%,0.0%,2.6%
kiwi01a,kiwi,86%,20.5%,5.1%
knifesharpener,knife sharpener,58%,20.5%,30.8%
ladle02a,ladle,57%,0.0%,7.7%
lamp04a,lamp,92%,0.0%,0.0%
laptop01a,laptop,74%,0.0%,0.0%
lbracket01,bracket,28%,5.1%,43.6%
leaf02a,leaf,97%,0.0%,0.0%
leek,leek,64%,5.3%,26.3%
lei,lei,31%,40.5%,21.6%
lemon02,lemon,100%,0.0%,0.0%
lettuce,lettuce,68%,0.0%,2.6%
level03a,level,74%,12.8%,20.5%
lifejacket,life jacket,68%,0.0%,5.1%
lightbulb01,light bulb,83%,0.0%,2.6%
lighter01,lighter,95%,0.0%,2.6%
lime,lime,81%,2.6%,10.3%
lintbrush,lint brush,56%,5.3%,10.5%
lipstick02a,lipstick,97%,2.6%,0.0%
liquorbottle01,oil bottle,24%,5.1%,10.3%
lock03a,lock,68%,0.0%,2.6%
lockingplier,vice grip,29%,2.6%,28.2%
log,log,36%,0.0%,0.0%
lollipop01,lollipop,57%,20.5%,20.5%
lunchbox,lunch box,51%,0.0%,2.6%
magnifyingglass01b,magnifying glass,82%,5.1%,5.1%
makeupbrush04,make-up brush,45%,0.0%,18.4%
mallet01b,hammer,42%,0.0%,13.2%
mango01,mango,59%,15.4%,2.6%
manshoe,shoe,77%,0.0%,0.0%
marker01a,marker,82%,0.0%,0.0%
mascarabrush,mascara brush,26%,0.0%,10.3%
mask02a,mask,48%,5.3%,13.2%
match,match,92%,0.0%,0.0%
measuringcup01,measuring cup,95%,0.0%,5.1%
measuringspoon,spoon,24%,0.0%,5.1%
measuringtape01,measuring tape,78%,0.0%,5.1%
mechanicalpencil02,pencil,54%,0.0%,0.0%
medal02b,medal,89%,0.0%,2.6%
melbatoast,melba toast,43%,0.0%,5.1%
metalbrush,brush,46%,5.3%,21.1%
metalscissors,scissors,33%,0.0%,12.8%
metronome,metronome,62%,13.2%,26.3%
microscope,microscope,97%,0.0%,0.0%
milkcontainer,milk container,27%,0.0%,5.1%
mirror01,mirror,55%,12.8%,12.8%
mitten04,mitten,67%,0.0%,0.0%
moccasin,moccasin,46%,0.0%,7.7%
monitor,monitor,45%,0.0%,0.0%
motoroilbottle01,bottle,20%,12.5%,4.2%
mousetrap,mouse trap,94%,2.6%,7.9%
muffintray02,muffin tin,23%,5.1%,7.7%
mug01,cup,62%,0.0%,0.0%
mushroom01,mushroom,100%,0.0%,0.0%
nail,nail,78%,0.0%,2.6%
nailclipper03b,nail clipper,86%,0.0%,5.1%
nailfile,nail file,55%,20.5%,15.4%
nailpolish03b,nail polish,81%,2.6%,5.1%
nasalspray01,nasal spray,19%,7.7%,12.8%
necklace,necklace,81%,0.0%,5.3%
needlenosepliers01,pliers,75%,0.0%,25.6%
notebook03a,notebook,61%,0.0%,2.6%
number3,number 3,20%,5.1%,17.9%
nutcracker01,nutcracker,93%,12.8%,12.8%
oblongcan02,oil can,20%,2.8%,11.1%
officechair01,chair,51%,0.0%,0.0%
oneholepunch,hole punch,55%,0.0%,20.5%
onion,Onion,100%,0.0%,0.0%
orange,orange,100%,0.0%,0.0%
orangejuice,orange juice,33%,0.0%,0.0%
outletadapter01,plugs,34%,0.0%,17.9%
overalls,overalls,38%,0.0%,10.3%
pacifier02d,pacifier,32%,2.6%,10.3%
packofgum,gum,44%,0.0%,0.0%
paintbrush01,paint brush,92%,0.0%,5.1%
paintcan01,paint can,62%,0.0%,0.0%
paintroller01,paint roller,77%,0.0%,7.7%
paintscraper,scraper,32%,28.9%,21.1%
painttray,paint tray,39%,0.0%,15.4%
pants,pants,79%,0.0%,0.0%
paperclip01b,paper clip,50%,0.0%,5.1%
paperclip03,paper clip,79%,0.0%,2.6%
papertowel,paper towel,39%,0.0%,0.0%
papertray,paper organizer,7%,0.0%,18.9%
partyhat,party hat,73%,0.0%,5.1%
pastaspoon,pasta spoon,14%,2.6%,38.5%
pda,pda,26%,0.0%,20.5%
peach01,peach,69%,15.4%,10.3%
peanut01,peanut,83%,0.0%,0.0%
pear01,pear,100%,0.0%,0.0%
pecan01,nut,53%,18.4%,34.2%
peeler01,peeler,39%,0.0%,12.8%
pen04b,pen,90%,0.0%,0.0%
pencil01,pencil,97%,0.0%,0.0%
pencilcase01,pencil case,72%,0.0%,5.1%
pencilsharpener02a,pencil sharpener,67%,0.0%,5.1%
pepper04a,red pepper,45%,0.0%,2.6%
peppermill02b,pepper mill,39%,2.6%,10.3%
perfume01a,perfume,54%,0.0%,0.0%
petcarrier,animal cage,19%,0.0%,5.1%
pickle01a,pickle,66%,0.0%,0.0%
pictureframe04,picture frame,71%,2.6%,0.0%
piggybank,piggy bank,76%,10.3%,0.0%
pill,pill,72%,0.0%,0.0%
pillbottle,pills,59%,0.0%,0.0%
pillow01a,pillow,84%,0.0%,0.0%
pineapple01a,pineapple,100%,0.0%,0.0%
pinecone01,pine cone,53%,0.0%,7.9%
pingpongpaddle01a,ping-pong racket,38%,0.0%,0.0%
pistachio,pistachio,75%,15.4%,10.3%
pitabread,pita bread,68%,0.0%,0.0%
pitcher02b,pitcher,35%,0.0%,2.6%
pizza,pizza,90%,0.0%,0.0%
plant01,plant,84%,0.0%,2.6%
plasticbasket01a,basket,67%,0.0%,7.7%
plasticflower01a,flower,51%,0.0%,0.0%
plasticgallon,bottle,30%,0.0%,5.1%
plastictube,tube,25%,26.3%,10.5%
plate01b,plate,92%,0.0%,0.0%
playingcard,playing card,59%,0.0%,0.0%
pliers02b,pliers,85%,0.0%,25.6%
plum01,plum,86%,0.0%,5.3%
plunger02,plunger,84%,5.1%,12.8%
pot01,pot,34%,5.3%,15.8%
pot02a,pot,68%,0.0%,0.0%
potato02b,potato,100%,2.6%,2.6%
potatomasher03b,potato masher,47%,2.6%,20.5%
powercable,cable,24%,0.0%,2.6%
printer02,printer,87%,0.0%,0.0%
propanetank01,propane tank,45%,0.0%,7.9%
protractor,protractor,46%,0.0%,15.8%
puttyknife,scraper,40%,0.0%,44.7%
puzzlepiece,puzzle piece,76%,0.0%,2.6%
pylon01,pylon,45%,2.6%,17.9%
qtip,q-tip,72%,0.0%,2.6%
racquetballracket,tennis racket,50%,0.0%,2.6%
radio01,radio,30%,0.0%,2.6%
radish01,radish,86%,0.0%,5.1%
raisin,raisins,74%,7.7%,10.3%
ramekin01,bowl,53%,0.0%,7.9%
raspberry01,rasberry,86%,2.6%,5.1%
rattle,toy,32%,8.6%,20.0%
razor01,razor,72%,2.6%,0.0%
rearviewmirror,rearview mirror,42%,8.6%,2.9%
recorder01,flute,58%,7.7%,7.7%
reflector,reflector,26%,18.4%,7.9%
relish,relish,61%,10.5%,2.6%
remotecontrol04,remote control,64%,0.0%,2.7%
ribbon03a,lace,54%,5.1%,25.6%
ribbon04,ribbon,77%,0.0%,7.7%
rice,rice,92%,0.0%,0.0%
ridinghelmet,hat,39%,0.0%,5.3%
ring01,ring,100%,0.0%,0.0%
rock01a,rock,64%,2.6%,2.6%
rollingpin01a,rolling pin,82%,0.0%,23.1%
rope03,rope,86%,0.0%,5.1%
rubberband01,rubber band,38%,7.9%,2.6%
rubberglove02b,glove,41%,0.0%,0.0%
rug01,rug,31%,0.0%,5.3%
ruler04,ruler,100%,0.0%,0.0%
safetypin,safety pin,67%,0.0%,7.9%
sand,sand,43%,2.6%,2.6%
sandal,sandal,92%,0.0%,0.0%
sandpaper,sandpaper,27%,18.4%,2.6%
sandshovel02a,shovel,45%,0.0%,7.7%
saw02b,saw,88%,0.0%,12.8%
scale01a,scale,84%,0.0%,2.6%
scarf,scarf,95%,0.0%,2.6%
scissors01,scissors,100%,0.0%,0.0%
scotchtape,scotch tape,43%,0.0%,5.1%
screw02,screw,100%,0.0%,5.1%
screwdriver04b,screwdriver,95%,0.0%,5.1%
scrubbingbrush05b,brush,64%,5.1%,10.3%
seashell01,seashell,50%,0.0%,2.6%
setsquare,ruler,24%,10.5%,13.2%
sewingmachine01a,sewing machine,95%,0.0%,2.6%
shavingcream,ice cream,34%,5.1%,5.1%
shirt01,shirt,44%,0.0%,0.0%
shirt02,shirt,95%,0.0%,0.0%
shoehorn,shoe horn,48%,25.6%,17.9%
shoelace,shoelace,86%,0.0%,5.1%
shorts01,shorts,74%,0.0%,0.0%
sieve01b,strainer,69%,0.0%,21.1%
sippycup,baby bottle,29%,0.0%,20.5%
slide02,slide,43%,2.6%,5.1%
slidetray,slide tray,18%,23.1%,20.5%
slipper01b,slipper,82%,0.0%,0.0%
sneaker03b,shoe,36%,0.0%,0.0%
snowbrush,brush,24%,5.4%,10.8%
snowpea01,snow peas,35%,0.0%,0.0%
soap03a,soap,79%,0.0%,2.6%
soapdispenser01,soap dispenser,34%,0.0%,2.6%
sock01a,sock,87%,0.0%,0.0%
softcheese,cheese,72%,0.0%,0.0%
soil,dirt,39%,15.4%,5.1%
solderingiron,soldering iron,60%,28.2%,30.8%
solderingwire,wire,27%,5.1%,15.4%
spatula03,spatula,75%,0.0%,17.9%
spatula04,spatula,74%,10.3%,28.2%
speaker04,speaker,87%,0.0%,0.0%
sponge01,sponge,90%,0.0%,0.0%
spoon01,spoon,92%,0.0%,0.0%
sportbag,bag,56%,0.0%,0.0%
spraybottle01,spray bottle,61%,0.0%,7.7%
spraycan,spray can,30%,0.0%,5.1%
squeegee01b,squeegee,59%,0.0%,10.3%
stackingring01a,toy,43%,0.0%,28.2%
staple,staples,97%,0.0%,5.1%
stapler03a,stapler,95%,0.0%,0.0%
stapleremover,staple remover,81%,0.0%,18.4%
starfish01,starfish,74%,0.0%,2.6%
statuette01,statue,34%,0.0%,10.3%
stickytack,sticky tack,13%,11.1%,19.4%
strainer02,strainer,41%,2.6%,20.5%
straw,straw,83%,10.5%,10.5%
strawbasket01,basket,81%,0.0%,17.9%
strawberry,strawberry,100%,0.0%,0.0%
stringbean01,green beans,26%,2.6%,7.9%
studiolight,lamp,45%,0.0%,2.6%
stuffedanimal02b,teddy bear,72%,0.0%,0.0%
styrofoamcup,styrofoam cup,47%,0.0%,0.0%
suitcase,suitcase,58%,0.0%,0.0%
sunglasses04,sunglasses,90%,0.0%,0.0%
swimgoggles,goggles,62%,0.0%,0.0%
swisscheese,swiss cheese,50%,17.9%,5.1%
syringe01,syringe,61%,0.0%,0.0%
syringe02,syringe,79%,5.3%,28.9%
tableknife02,knife,87%,0.0%,0.0%
tambourine01,tambourine,90%,0.0%,12.8%
tampon,tampon,94%,2.6%,5.1%
tape02a,tape,54%,0.0%,2.6%
taperecorder,tape recorder,45%,0.0%,0.0%
teabag,tea bag,95%,0.0%,0.0%
teapot,teapot,86%,0.0%,5.3%
telephone01b,telephone,51%,0.0%,0.0%
tennisball01b,tennis ball,95%,0.0%,0.0%
thermometer02b,thermometer,97%,0.0%,2.6%
thermos,thermos,57%,15.4%,12.8%
thimble,thimble,81%,2.6%,26.3%
thread02,thread,65%,0.0%,7.7%
threeholepunch03,hole puncher,29%,2.6%,5.1%
thumbtack02a,thumbtack,39%,0.0%,10.3%
tissuebox01b,kleenex box,26%,0.0%,0.0%
toast,toast,74%,0.0%,0.0%
toaster01,toaster,97%,0.0%,0.0%
toiletpaper01a,toilet paper,92%,0.0%,0.0%
tomato01,tomato,100%,0.0%,0.0%
tomatojuice,tomato juice,42%,2.6%,2.6%
tongs01b,tongs,79%,5.1%,25.6%
toothbrush03b,toothbrush,100%,0.0%,0.0%
toothpastetube,toothpaste,57%,0.0%,5.1%
toothpick02,toothpick,81%,10.3%,5.1%
tortilla,tortilla,30%,15.4%,7.7%
towel01,towel,34%,0.0%,0.0%
towel04a,towel,33%,0.0%,0.0%
toyanimal01,toy chicken,30%,2.6%,0.0%
toyanimal02,toy cow,55%,0.0%,0.0%
toyanimal03,toy elephant,57%,2.6%,2.6%
toyanimal04,toy sheep,47%,0.0%,2.6%
toycar04,car,62%,0.0%,0.0%
toydinosaur,toy dinosaur,55%,0.0%,0.0%
toyhardhat,hard hat,38%,0.0%,2.6%
toyhockeystick01,hockey stick,44%,12.8%,20.5%
toyshape,toy star,18%,15.8%,10.5%
toytank,toy tank,50%,0.0%,0.0%
toytractor01b,toy truck,26%,0.0%,0.0%
toyxylophone,xylophone,50%,0.0%,10.3%
tray,tray,48%,10.5%,10.5%
tripod01,tripod,78%,2.6%,2.6%
tshirt,T-shirt,82%,0.0%,0.0%
tube,tube,52%,5.3%,13.2%
tupperware03a,tupperware,56%,0.0%,0.0%
tuque03a,tuque,39%,0.0%,2.6%
tweezers02a,tweezers,86%,0.0%,5.1%
umbrella04,umbrella,100%,0.0%,0.0%
usbkey,usb key,22%,0.0%,2.6%
vase01,vase,84%,2.6%,2.6%
vase02,vase,69%,5.1%,12.8%
vase03,vase,30%,10.3%,20.5%
vhstape,vhs tape,26%,0.0%,0.0%
videocamera01a,video camera,42%,0.0%,0.0%
vikingmask01b,mask,55%,2.6%,12.8%
violin,violin,97%,0.0%,2.6%
walkman,walkman,49%,2.6%,5.3%
wallet02a,wallet,68%,2.6%,0.0%
walnut01c,walnut,59%,0.0%,0.0%
watch02a,watch,87%,0.0%,0.0%
waterbottle01b,water bottle,54%,0.0%,0.0%
waterbottle03,water bottle,72%,0.0%,0.0%
wateringcan,watering can,59%,0.0%,17.9%
watermelon01,water melon,95%,0.0%,0.0%
weight01,weight,54%,2.6%,5.1%
wheel01,wheel,82%,2.6%,7.7%
whisk,whisk,71%,0.0%,23.1%
wineglass01,wine glass,59%,0.0%,0.0%
winerack,wine rack,58%,7.7%,7.7%
wire,wire,44%,7.7%,7.7%
wirestripper,pliers,44%,0.0%,35.9%
woodboard,wood,33%,0.0%,5.1%
woodenspoon,wooden spoon,54%,0.0%,5.1%
workglove02c,glove,64%,0.0%,0.0%
yarn,yarn,41%,0.0%,5.1%
ziplocbag,plastic bag,33%,13.2%,0.0%
zucchini01,zucchini,79%,2.6%,5.3%
8ball,8 ball,49%,0.0%,0.0%
accordion01,Accordion,97%,0.0%,4.8%
aceofdiamond,Ace of Diamond,26%,0.0%,0.0%
acorn,Acorn,79%,0.0%,4.9%
acousticguitar02,guitar,71%,0.0%,0.0%
addressplate,Address,18%,0.0%,4.8%
africanelephant,elephant,95%,0.0%,0.0%
aircompressor,Air compressor,35%,28.6%,26.2%
airconditioner,air conditioner,53%,2.4%,0.0%
airhockeytable,air hockey table,79%,0.0%,2.4%
airvent,Vent,50%,0.0%,2.4%
alarmsystem,alarm system,21%,7.1%,7.1%
alligator,Crocodile,55%,0.0%,0.0%
aloe01,Plant,50%,0.0%,4.8%
aluminiumfoil,Aluminum foil,46%,0.0%,2.4%
americangoldfinch,bird,79%,2.4%,7.1%
americanwhitepelican,pelican,59%,0.0%,4.8%
amphora,Vase,29%,7.3%,17.1%
anchor,Anchor,93%,2.4%,2.4%
angelstatue,Angel statue,41%,0.0%,2.4%
ant,Ant,86%,0.0%,0.0%
antelope,antelope,32%,0.0%,11.9%
antlers,Antlers,73%,0.0%,2.4%
apron,apron,95%,0.0%,0.0%
aquarium,aquarium,57%,0.0%,0.0%
arm,arm,71%,0.0%,0.0%
armadillo,Armadillo,88%,4.8%,7.1%
armchair02,chair,56%,0.0%,2.4%
arrow02,arrow,93%,0.0%,2.4%
artichoke01b,Artichoke,64%,0.0%,23.8%
asianelephant,elephant,93%,0.0%,0.0%
athleticsock,sock,81%,0.0%,0.0%
atm,Atm,48%,0.0%,0.0%
audiocablesplitter,Cable,9%,7.1%,11.9%
awning,Awning,59%,0.0%,33.3%
backfloat,Floatation device for child,11%,43.9%,9.8%
bacon,Bacon,77%,0.0%,4.8%
badger,Badger,54%,2.4%,23.8%
badmintonracket,Badminton Racket,76%,0.0%,0.0%
balalaika,Guitar,30%,9.5%,33.3%
balcony02,Balcony,71%,4.8%,2.4%
ballofstring,string,31%,4.8%,9.5%
banjo,banjo,95%,0.0%,7.1%
barbecue03,Barbecue,36%,0.0%,0.0%
barbecuelighter,lighter,54%,2.4%,7.1%
barbedwire01,barbed wire,68%,0.0%,7.1%
barn,Barn,71%,0.0%,0.0%
barnowl,owl,98%,0.0%,0.0%
barrel01,barrel,86%,0.0%,0.0%
baseballbat,baseball bat,81%,0.0%,0.0%
baseballglove,baseball glove,62%,0.0%,0.0%
baseboard,molding,20%,11.9%,14.3%
baseboardheater01,heater,42%,16.7%,0.0%
basketball01,Basketball,95%,0.0%,0.0%
basketballhoop01,Basketball hoop,38%,0.0%,0.0%
bassethound,dog,60%,0.0%,0.0%
bassguitar,guitar,45%,0.0%,0.0%
bat,bat,95%,0.0%,0.0%
bathtub,bathtub,83%,0.0%,0.0%
battleaxe,axe,63%,2.4%,4.8%
battleship,Battleship,38%,2.4%,0.0%
bazooka,Bazooka,35%,38.1%,4.8%
beachpaddle01a,Ping pong paddle,31%,0.0%,9.5%
beachumbrella01,umbrella,58%,0.0%,0.0%
beaver,beaver,100%,0.0%,7.1%
bed,bed,81%,0.0%,0.0%
beehive,beehive,63%,7.1%,2.4%
beerbottle,beer bottle,88%,0.0%,0.0%
belltower01,Church tower,21%,7.1%,11.9%
belugawhale,beluga whale,51%,0.0%,2.4%
bench01,bench,76%,0.0%,2.4%
beret01,Beret,54%,28.6%,0.0%
bicycle,Bike,43%,0.0%,0.0%
bikelock,bike lock,57%,0.0%,4.8%
bikepump01,Air pump,37%,0.0%,2.4%
bikerack,Bike rack,19%,11.9%,19.0%
bikewheel,Bike wheel,26%,0.0%,0.0%
birdfeeder,Bird feeder,82%,4.8%,2.4%
birdhouse,Bird House,93%,0.0%,0.0%
birdnest,Birds nest,71%,0.0%,0.0%
birdseed,Bird food,19%,31.0%,4.8%
birthdaycandle,candle,52%,0.0%,0.0%
bison,buffalo,64%,0.0%,11.9%
blackbear,Bear,50%,0.0%,0.0%
blackolive,Olives,60%,2.4%,0.0%
bleachers,bleachers,70%,0.0%,2.4%
blender,Blender,93%,0.0%,0.0%
bluecheese,blue cheese,54%,0.0%,2.4%
bluejay,blue jay,78%,0.0%,2.4%
boat,boat,74%,2.4%,2.4%
boatmotor,Boat motor,36%,33.3%,4.8%
bolt01a,Bolt,57%,0.0%,2.4%
boltcutter,Bolt cutter,33%,0.0%,11.9%
boogieboard,Boogie board,43%,21.4%,16.7%
bookshelf,Bookshelf,57%,0.0%,0.0%
bottleofwhitewine,Wine bottle,36%,0.0%,0.0%
bow,Bow,95%,2.4%,0.0%
bowlingball,bowling ball,100%,2.4%,0.0%
bowlingpin,bowling pin,100%,0.0%,2.4%
bowlofcereal,Cereal,44%,0.0%,7.1%
bowlofchips,bowl of chips,40%,0.0%,0.0%
bowrake,rake,86%,0.0%,4.9%
bowtie,Bowtie,88%,0.0%,0.0%
boxingglove01,boxing glove,76%,0.0%,0.0%
boxtrailer,Trailer,73%,0.0%,21.4%
boxtruck,truck,76%,0.0%,0.0%
brainmodel,brain,38%,0.0%,0.0%
brassknuckle,Brass knuckles,78%,39.0%,9.8%
brasslipstrike,Door bolt plate,11%,4.8%,40.5%
bread,Bread,63%,0.0%,2.4%
breadknife,knife,44%,0.0%,0.0%
breadslice,Bread slice,36%,0.0%,0.0%
bridge,bridge,90%,0.0%,0.0%
bridgestick,Pool Rake,11%,14.3%,33.3%
broadsword,sword,78%,0.0%,2.4%
brownsugar,Brown sugar,86%,26.2%,4.8%
bucket02,Bucket,50%,2.4%,7.1%
buddhastatue,Buddha,45%,0.0%,0.0%
buffaloskull,Bull skull,42%,7.1%,14.3%
bull,Bull,88%,0.0%,0.0%
bulldozer,Bulldozer,49%,2.4%,7.1%
bullet,bullet,93%,0.0%,0.0%
bulletbelt,Bullets,53%,2.4%,2.4%
bumpercar,Bumper car,90%,0.0%,0.0%
bun,Bread,29%,0.0%,0.0%
buoy,buoy,62%,23.8%,21.4%
bus,Bus,57%,0.0%,0.0%
busshelter,Bus shelter,41%,0.0%,0.0%
bust,Bust,33%,2.4%,2.4%
butterfly,butterfly,85%,2.4%,2.4%
butterknife,Butter knife,41%,19.0%,9.5%
cabasa,shaker,33%,26.2%,38.1%
cactus,cactus,93%,0.0%,0.0%
cakeplatter,Cake platter,12%,0.0%,16.7%
calendar,calendar,86%,0.0%,0.0%
callbell,bell,80%,0.0%,0.0%
campfire,fire,38%,0.0%,0.0%
canadiangoose,canadian goose,38%,0.0%,0.0%
candelabra,candelabra,37%,0.0%,2.4%
candycane01a,candy cane,98%,0.0%,0.0%
candydispenser,Candy dispenser,38%,0.0%,2.4%
cannon,cannon,93%,0.0%,2.4%
canoepaddle02,Paddle,59%,2.4%,4.8%
cap03,hat,41%,0.0%,2.4%
car,Car,81%,0.0%,0.0%
carantenna,Antenna for a car,33%,42.9%,11.9%
carbattery,Car battery,67%,11.9%,16.7%
cardinal,bird,35%,0.0%,9.8%
caribou02,Moose,64%,0.0%,4.8%
carjack,Car jack,38%,38.1%,21.4%
carlighter02,car lighter,45%,40.5%,4.8%
carmat,car mat,39%,0.0%,4.8%
carsidemirror01,car side mirror,23%,0.0%,0.0%
cartonofeggs,Egg carton,45%,0.0%,0.0%
casabamelon,squash,42%,14.3%,9.5%
cashregister01,cash register,93%,0.0%,0.0%
castle,castle,61%,0.0%,0.0%
castletower,Castle tower,44%,0.0%,4.8%
cat,cat,88%,0.0%,0.0%
catchermask,Catcher’s mask,16%,4.8%,7.1%
cattail,Cat tail,21%,4.8%,23.8%
cedarwaxwing,bird,83%,2.4%,14.3%
ceilingfan01,Ceiling fan,71%,0.0%,0.0%
ceilingspeaker,Speaker,48%,14.3%,11.9%
cello,Cello,63%,0.0%,0.0%
cementtruck,Cement truck,40%,0.0%,0.0%
centurionhelmet,helmet,29%,0.0%,0.0%
cessna,Airplane,38%,0.0%,7.1%
chainlinkfence,fence,51%,0.0%,0.0%
chainmail,Chain mail,37%,0.0%,9.5%
chainsaw,Chainsaw,77%,0.0%,4.8%
chair,chair,88%,0.0%,0.0%
chameleon,Chameleon,42%,0.0%,19.0%
chandelier,Chandelier,33%,0.0%,4.8%
charcoalbarbecue,Barbecue,19%,11.9%,11.9%
cheetah,cheetah,77%,0.0%,0.0%
chefshat,Chefs hat,89%,7.1%,2.4%
cherrypicker,Cherry picker,38%,0.0%,40.5%
cherrytomato01,Tomatoes,40%,0.0%,0.0%
chessknight03a,Chess piece,31%,0.0%,4.8%
chest01,Chest,33%,2.4%,2.4%
chickenshishkebab,ShishKabob,14%,2.4%,4.8%
chiliflake,nuts,11%,16.7%,16.7%
chime,chimes,67%,2.4%,31.0%
chimney,chimney,86%,0.0%,0.0%
chimpanzee,monkey,52%,0.0%,0.0%
chipmunk,Chipmunk,67%,2.4%,4.8%
chocolatechip,Hershey kisses,50%,9.5%,0.0%
chocolatecroissant,Pastry,24%,2.4%,9.5%
chocolatemilk,chocolate milk,52%,0.0%,0.0%
christmaslights,Christmas lights,76%,0.0%,0.0%
christmastree,Christmas tree,86%,0.0%,0.0%
christmaswreath,wreath,53%,0.0%,0.0%
church,church,81%,0.0%,0.0%
cigar,Cigar,90%,0.0%,4.9%
cinderblock,Cinder block,33%,0.0%,4.8%
clarinet,Clarinet,47%,2.4%,16.7%
cleaver02,Butcher knife,33%,0.0%,0.0%
clothesdryingrack,Drying rack,24%,23.8%,11.9%
cloud,cloud,95%,0.0%,0.0%
clover,Clover,43%,0.0%,0.0%
clownfish,Clownfish,46%,0.0%,2.4%
coathook,Coat hook,37%,0.0%,2.4%
coatrack,Coat rack,49%,0.0%,0.0%
cobra,snake,71%,0.0%,0.0%
cockroach02,Cockroach,46%,0.0%,0.0%
cocktailshrimp02,shrimp,82%,4.8%,2.4%
codedoorlock,Lock code,16%,0.0%,9.5%
coffeemachine,coffee machine,71%,0.0%,0.0%
coffeemaker,coffee maker,56%,0.0%,0.0%
colonialhat,hat,58%,14.3%,7.1%
coloringset,coloring set,15%,0.0%,4.8%
column,columns,18%,2.4%,14.3%
communitymailbox,mail box,74%,0.0%,4.8%
compostbin,Composter,19%,26.2%,7.1%
congadrum,drum,46%,0.0%,11.9%
contactlens,bowl,58%,2.4%,2.4%
convertible,Convertible,29%,0.0%,0.0%
cookingpot,pot,64%,0.0%,2.4%
cork02,cork,75%,7.1%,2.4%
corkboard,Cork board,32%,0.0%,7.1%
cormorant,bird,56%,4.8%,9.5%
corn02,corn,64%,0.0%,0.0%
cornet,trumpet,40%,2.4%,9.5%
couch02,Couch,50%,0.0%,0.0%
cougar,Cougar,35%,0.0%,9.5%
cow,cow,93%,0.0%,0.0%
cowbell,flask,61%,11.9%,14.3%
crab01,crab,98%,0.0%,2.4%
craneflower,flower,84%,19.0%,4.8%
cremebrulee,Crème brulee,72%,33.3%,4.8%
crocodile,Crocodile,48%,0.0%,0.0%
cross01,cross,88%,0.0%,0.0%
crosscountryboot,shoe,46%,4.8%,0.0%
crosscountryski,Skis,79%,0.0%,7.1%
crowdcontrolstanchion,Stanchion,11%,7.1%,28.6%
crown,Crown,88%,0.0%,0.0%
cruiseship,cruise ship,83%,0.0%,0.0%
cupcake,cupcake,95%,0.0%,0.0%
curlingiron01a,curling iron,48%,2.4%,2.4%
curtain,curtain,86%,0.0%,0.0%
cutlass,sword,74%,0.0%,0.0%
cutleryset,cutlery set,30%,0.0%,2.4%
cuttlefish,Squid,64%,7.1%,14.3%
cymbal,Cymbals,81%,0.0%,16.7%
daddylonglegs,Spider,88%,0.0%,2.4%
daffodil,flower,76%,0.0%,4.8%
daisy,flower,46%,0.0%,2.4%
dalmatian,Dalmatian,71%,0.0%,0.0%
dandelion,dandelion,61%,2.4%,7.1%
dartboard,dart board,100%,0.0%,9.5%
desk02,desk,50%,0.0%,2.4%
desktopcomputer,computer,67%,0.0%,0.0%
diaperbag,Bag,37%,0.0%,2.4%
dinosaurskull,Dinosaur skull,31%,0.0%,0.0%
diploma01,Diploma,33%,0.0%,0.0%
diploma02,Diploma,55%,2.4%,2.4%
discoball,disco ball,93%,0.0%,0.0%
dishrack,Dish rack,38%,23.8%,21.4%
djmixer01,Turntable,24%,7.3%,7.3%
djmixer02,Dj turntable,8%,7.1%,4.8%
doghouse,Dog House,98%,0.0%,0.0%
dogsled,Dog sled,59%,0.0%,7.1%
dolly01,Dolly,61%,0.0%,31.0%
dolphin01,dolphin,98%,0.0%,0.0%
donotentersign,Do not enter Sign,33%,0.0%,2.4%
donotwalksign,Do not walk Sign,12%,0.0%,0.0%
donut,Doughnut,95%,0.0%,0.0%
doorbolt,lock,43%,2.4%,14.3%
doorhandle,Door handle,50%,0.0%,0.0%
doormat,Rug,29%,0.0%,0.0%
dormer,window,82%,0.0%,7.1%
doublebass,Cello,47%,0.0%,0.0%
doubledoors,Doors,55%,0.0%,4.8%
downhillski,skis,83%,0.0%,0.0%
dragonfly01,Dragon fly,76%,0.0%,4.8%
dreamcatcher,dream catcher,93%,2.4%,0.0%
dresser02,Dresser,49%,0.0%,0.0%
drink,drink,27%,0.0%,2.4%
drinkshaker,Martini shaker,17%,19.0%,21.4%
dromedary,camel,98%,0.0%,0.0%
drumset,Drum set,64%,0.0%,0.0%
drumstick,drum sticks,95%,0.0%,2.4%
dryingmachine02,washing machine,50%,0.0%,0.0%
duck01,duck,81%,0.0%,0.0%
ducttape,Duct tape,73%,2.4%,0.0%
dumpling,Dumpling,37%,42.9%,11.9%
dumpster,Dumpster,37%,2.4%,0.0%
dumptruck,truck,50%,0.0%,0.0%
dvdcase01,DVD case,36%,2.4%,2.4%
eagle,eagle,67%,0.0%,0.0%
ear,ear,83%,0.0%,0.0%
eggnoodle,pasta,37%,0.0%,7.3%
eggslicer,Egg slicer,26%,19.0%,4.8%
eiffeltower,Eiffel tower,95%,0.0%,0.0%
elbow,elbow,86%,0.0%,0.0%
electricdrumset,Drum set,26%,0.0%,11.9%
electricguitar01,Electric Guitar,62%,0.0%,0.0%
electricitymeter,Hydro meter,29%,12.2%,19.5%
electricmixer,mixer,54%,0.0%,2.4%
electricoutlet,Electric outlet,28%,0.0%,7.1%
electrictoothbrush01c,Electric toothbrush,69%,0.0%,0.0%
electrictransformer,Transformer,21%,33.3%,26.2%
ellipticalmachine,Elliptical machine,24%,0.0%,4.8%
englishcucumber,cucumber,88%,0.0%,0.0%
entrancegate,gate,71%,0.0%,0.0%
escalator,Escalator,90%,0.0%,0.0%
espressomachine,Espresso machine,53%,9.5%,9.5%
exercisebike,Exercise bike,35%,0.0%,11.9%
exercisemachine,exercise machine,42%,0.0%,4.8%
exitsign,exit sign,95%,0.0%,0.0%
eye,Eye,76%,0.0%,0.0%
eyechart,eye chart,47%,0.0%,9.5%
eyepatch,Eye patch,92%,2.4%,7.1%
falcon,eagle,45%,2.4%,2.4%
fanblades,fan,54%,0.0%,2.4%
fanheater,fan,69%,2.4%,4.8%
faucet,faucet,65%,0.0%,0.0%
faxmachine,fax machine,62%,0.0%,0.0%
fence02,fence,61%,0.0%,2.4%
fennec,Fox,53%,0.0%,23.8%
fern,Fern,53%,2.4%,0.0%
ferry,Ferry,31%,0.0%,0.0%
fighterjet,plane,24%,0.0%,2.4%
file,File,58%,9.5%,21.4%
filingcabinet,filing cabinet,64%,0.0%,2.4%
fingernail02,Nail,50%,7.1%,2.4%
fingerprint,finger print,93%,0.0%,0.0%
firealarm,fire alarm,43%,0.0%,0.0%
firehydrant,Fire hydrant,97%,0.0%,4.8%
fireplace,Fireplace,86%,0.0%,0.0%
firstaidkit,lunch box,33%,0.0%,4.8%
firtree,Christmas tree,33%,0.0%,0.0%
fishingrod,fishing rod,72%,0.0%,0.0%
fishskeleton,Fish skeleton,67%,0.0%,0.0%
flag,flag,71%,0.0%,0.0%
flail,Mace,25%,9.5%,28.6%
flamingo,flamingo,87%,0.0%,0.0%
flintlockpistol,gun,44%,2.4%,4.8%
flipflop01b,flip flop,60%,0.0%,0.0%
floodlight,light,29%,14.3%,16.7%
flooringstapler,Nail gun,20%,57.1%,14.3%
floorlamp,lamp,86%,0.0%,0.0%
floortile02,tile,61%,0.0%,2.4%
flower01,flower,86%,0.0%,9.5%
flowerwreath,wreath,32%,0.0%,14.3%
flugglehorn,trumpet,64%,0.0%,2.4%
fluorescentlightbulb,light bulb,67%,0.0%,0.0%
foldingchair,folding chair,52%,0.0%,0.0%
fonduefuel,Bottle,17%,4.8%,21.4%
foosballtable,Foosball Table,68%,0.0%,4.9%
foot,foot,69%,0.0%,0.0%
football,football,98%,0.0%,0.0%
footballhelmet,football helmet,79%,0.0%,0.0%
footrest02,footrest,34%,2.4%,4.8%
forklift,Forklift,68%,0.0%,23.8%
fortunecookie,fortune cookie,98%,0.0%,2.4%
freezer02,freezer,61%,2.4%,0.0%
freighttruck,truck,50%,0.0%,0.0%
frenchfries,fries,52%,0.0%,0.0%
frenchhorn,French horn,45%,0.0%,11.9%
fridge,Fridge,71%,0.0%,0.0%
frisbee,Frisbee,95%,2.4%,4.8%
funnel,funnel,97%,0.0%,4.8%
fuse,Fuse,52%,19.0%,9.5%
fusebox,Fuse box,22%,4.8%,19.0%
gamecontroller01,Game controller,25%,0.0%,0.0%
garbagebin,Recycling bin,43%,0.0%,0.0%
garbagecan02,Garbage can,33%,0.0%,0.0%
gardengnome02,Garden gnome,38%,0.0%,7.1%
gardenswing,Garden swing,12%,0.0%,26.2%
gardenutilityvehicle,tractor,18%,0.0%,26.2%
garland,Tinsel,24%,9.5%,9.5%
gasburner,burner,15%,4.8%,9.5%
gastank,Gas jug,12%,0.0%,11.9%
gavel,Gavel,58%,0.0%,11.9%
gazebo,Gazebo,72%,2.4%,11.9%
gearshift,Gear shift,32%,0.0%,4.8%
gecko,Lizard,59%,2.4%,7.1%
generator,Generator,42%,33.3%,14.3%
gift01,Gift,48%,0.0%,0.0%
giraffe,giraffe,100%,0.0%,0.0%
giraffefigurine,Giraffe statue,23%,4.8%,0.0%
goldnugget,rock,42%,17.1%,2.4%
golfbag,Golf clubs,30%,0.0%,2.4%
golfball,golf ball,98%,0.0%,0.0%
gong,Gong,66%,2.4%,14.3%
gorilla,gorilla,69%,0.0%,0.0%
gps,GPS,62%,0.0%,7.1%
graduationcap,Graduation cap,55%,0.0%,4.8%
grandpiano,Piano,55%,0.0%,0.0%
granolabar01,granola bar,88%,0.0%,0.0%
grasshopper,Grasshopper,40%,2.4%,2.4%
gravyboat,Gravy boat,47%,0.0%,21.4%
greathornowl,owl,100%,0.0%,0.0%
greatwhiteshark,shark,90%,0.0%,0.0%
greyhound,dog,55%,0.0%,2.4%
greywolf,Wolf,86%,0.0%,0.0%
grill,grill,26%,14.3%,4.8%
grizzly,Bear,64%,0.0%,0.0%
guacamole,guacamole,39%,9.5%,11.9%
guitarcase,Guitar case,98%,0.0%,0.0%
gutteranddrainpipe,Gutter,32%,0.0%,23.8%
gymnasticring,Gymnastic rings,38%,14.3%,21.4%
halberd,axe,34%,7.1%,19.0%
halogenlightbulb,light bulb,36%,0.0%,7.1%
hammerheadshark,Hammerhead shark,68%,0.0%,2.4%
hamslice,ham,33%,0.0%,0.0%
hand01b,hand,81%,0.0%,0.0%
handblender,Hand blender,24%,7.1%,7.1%
handbrush02,brush,58%,0.0%,4.8%
handcuffs,handcuffs,100%,0.0%,0.0%
handgripper,Grip exerciser,7%,11.9%,45.2%
handheldtelescope,telescope,79%,2.4%,9.5%
handrail,Railing,51%,0.0%,7.1%
handvacuum,Hand vacuum,27%,14.3%,7.1%
hangar,Green House,23%,0.0%,21.4%
hardhat02,Hard hat,36%,0.0%,0.0%
harmonica,harmonica,100%,0.0%,4.8%
harpoon,arrow,63%,4.8%,4.8%
headlight,Headlight,39%,0.0%,2.4%
heatpump,air conditioner,39%,14.3%,23.8%
hedgeshears,Shears,30%,0.0%,16.7%
hedgetrimmer,Hedge trimmer,26%,11.9%,21.4%
helicopter,helicopter,90%,0.0%,0.0%
helmet,helmet,39%,0.0%,2.4%
hen,Chicken,45%,0.0%,0.0%
heron01,bird,38%,0.0%,7.1%
hibiscusflower02,flower,89%,0.0%,9.5%
highstrikergame,Fair game,14%,9.5%,54.8%
hihat,cymbals,23%,7.1%,16.7%
hippopotamus,Hippopotamus,46%,2.4%,0.0%
hockeygoalieglove,Goalie glove,24%,21.4%,14.3%
hockeygoaliemask,hockey mask,19%,0.0%,0.0%
hockeygoaliepad,Goalie pad,35%,19.5%,2.4%
hockeypuck,hockey puck,83%,0.0%,0.0%
hockeystick,hockey stick,93%,0.0%,0.0%
hoe,hoe,41%,4.8%,23.8%
holdfast,fish,89%,0.0%,9.5%
honeybee,Bee,79%,0.0%,0.0%
honeycomb,honey comb,65%,2.4%,7.1%
horse,horse,100%,0.0%,0.0%
horseshoe,Horseshoe,100%,7.3%,4.9%
horseshoecrab,Stingray,25%,28.6%,23.8%
hose,hose,50%,0.0%,0.0%
hotdog,hot dog,57%,0.0%,0.0%
hotdogweiner,hot dog,74%,4.8%,2.4%
hubcap,hubcap,24%,0.0%,7.1%
hulahoop,Hula hoop,93%,0.0%,0.0%
humanskeleton,skeleton,52%,0.0%,0.0%
humanskull,Human skull,48%,0.0%,0.0%
huntingknife,knife,55%,0.0%,0.0%
hyena,Hyena,68%,9.5%,19.0%
icebucket,ice bucket,36%,16.7%,16.7%
icecube02,Ice cube,74%,0.0%,0.0%
icemaker,Ice box,27%,11.9%,14.3%
icescraper,Ice scraper,46%,4.8%,9.5%
inukshuk,Inukshuk,36%,2.4%,14.3%
ipad02,Ipad,79%,0.0%,0.0%
ipod,IPhone,40%,0.0%,0.0%
ironingboard01,ironing board,79%,0.0%,2.4%
jackhammer,Jackhammer,50%,7.1%,14.3%
jackolantern,Jack o lantern,38%,0.0%,0.0%
jackrabbit,Rabbit,88%,0.0%,0.0%
jaguar,Leopard,57%,0.0%,0.0%
jarofapplesauce,Apple sauce jar,26%,0.0%,7.1%
jarofcapers,jar,29%,16.7%,16.7%
jeans01,jeans,88%,0.0%,0.0%
jeep,jeep,88%,0.0%,0.0%
jellybean,jelly beans,98%,0.0%,0.0%
jellyfish,Jellyfish,95%,2.4%,7.1%
Jesusstatue,Jesus statue,43%,0.0%,0.0%
jetski,Jet ski,41%,0.0%,4.8%
jokercard,Joker Card,55%,0.0%,0.0%
joustingspear,Spear,17%,36.6%,17.1%
jumpercables,Jumper cables,46%,0.0%,11.9%
jumpingjack,sander,17%,33.3%,21.4%
kalashnikov,rifle,33%,0.0%,0.0%
kangaroo,kangaroo,98%,0.0%,0.0%
key07,keys,81%,0.0%,0.0%
keyboard,keyboard,37%,0.0%,0.0%
keyhole,Keyhole,32%,0.0%,0.0%
keyhook,Key hook,16%,7.1%,9.5%
kidbicycle,Bike,33%,0.0%,0.0%
kiddiepool,kiddie pool,26%,0.0%,0.0%
kidpicnictable,Kids picnic Table,14%,0.0%,0.0%
killerwhale,Killer whale,38%,0.0%,0.0%
kingfisher,bird,68%,2.4%,7.1%
kite,kite,98%,0.0%,0.0%
kiwi03,Kiwi,83%,0.0%,0.0%
knee,Knee,88%,0.0%,0.0%
kneepad01c,knee pad,79%,21.4%,4.8%
knife03,knife,64%,0.0%,0.0%
ladder,ladder,95%,0.0%,0.0%
ladybug03,Ladybug,93%,0.0%,0.0%
lamppost01,Lamp post,32%,0.0%,0.0%
lamppost02,Lamp post,29%,0.0%,0.0%
lantern03,Lantern,60%,0.0%,2.4%
laundrybasket01a,laundry basket,50%,0.0%,0.0%
lawnmower,lawn mower,98%,0.0%,2.4%
lawnmowertractor,lawn mower,30%,0.0%,9.5%
leafblower01,leaf blower,82%,9.5%,11.9%
leafrake,rake,90%,0.0%,2.4%
lectern01,podium,50%,0.0%,7.1%
leg,Leg,60%,0.0%,0.0%
licenseplate,License Plate,85%,0.0%,0.0%
lifesaver,Life saver,32%,0.0%,7.1%
lighthouse,Lighthouse,90%,0.0%,0.0%
lightswitch01,Light switch,98%,0.0%,0.0%
lily,flower,89%,2.4%,4.8%
lilypad,Lily pad,55%,0.0%,2.4%
linedpaper,Paper,36%,0.0%,0.0%
lintroller,Lint roller,66%,0.0%,11.9%
lion,lion,88%,0.0%,0.0%
lionstatue,lion statue,61%,0.0%,26.2%
lip,lips,86%,0.0%,0.0%
litterbox,Litter box,28%,0.0%,11.9%
lizard,Lizard,68%,0.0%,2.4%
locker,locker,98%,0.0%,0.0%
locomotive,Train,58%,4.9%,2.4%
lollipop04,lollipop,83%,0.0%,0.0%
loppingshears,pliers,26%,0.0%,9.5%
lunchbag,Lunch bag,41%,0.0%,2.4%
lychee01,Lychee,50%,33.3%,4.8%
lynx01,Lynx,39%,0.0%,2.4%
macaque,monkey,68%,0.0%,0.0%
macaroni01,Macaroni,60%,0.0%,0.0%
machete,Machete,49%,0.0%,2.4%
machinegun,gun,31%,0.0%,0.0%
magneticcompass,compass,95%,0.0%,2.4%
mailbox01,mail box,98%,0.0%,0.0%
mailbox02,mail box,100%,0.0%,0.0%
mailtruck,truck,31%,0.0%,0.0%
makiroll,Sushi,81%,0.0%,0.0%
manholecover,Sewer,19%,0.0%,4.8%
maplebuttercone,Ice cream cone,54%,0.0%,7.1%
maraca01,Maraca,50%,23.8%,19.0%
marble,marble,85%,0.0%,2.4%
martiniglass01b,martini glass,64%,0.0%,0.0%
mask04,mask,76%,14.3%,7.1%
masquerademask01,mask,73%,0.0%,0.0%
mathcompass,compass,50%,0.0%,11.9%
mattress,mattress,98%,0.0%,0.0%
megaphone,Megaphone,42%,0.0%,7.5%
memorialplaque,Plaque,19%,0.0%,21.4%
menwashroomsign,Men’s washroom Sign,37%,0.0%,2.4%
microphone01,microphone,88%,0.0%,0.0%
microwave,microwave,81%,0.0%,0.0%
militaryhat,hat,43%,9.5%,7.1%
minifridge,Fridge,36%,0.0%,0.0%
mirror02,mirror,76%,0.0%,0.0%
missile,rocket,57%,7.1%,2.4%
mitresaw,Power saw,13%,11.9%,11.9%
monarchbutterfly,butterfly,67%,0.0%,0.0%
monument,obelisk,18%,23.8%,31.0%
moon,Moon,78%,11.9%,0.0%
moose,Moose,95%,0.0%,0.0%
morningstar,Mace,60%,31.0%,19.0%
mortarandpestle,Mortar and pestle,56%,0.0%,11.9%
moth,Moth,65%,2.4%,0.0%
motorboat02,boat,60%,0.0%,0.0%
motorcycle,motorcycle,86%,0.0%,0.0%
mouse,mouse,86%,0.0%,0.0%
mrpotatohead,Mr. Potato Head,76%,0.0%,2.4%
muffintray01,Muffin tray,27%,0.0%,2.4%
mug05,Mug,50%,0.0%,0.0%
mummy,mummy,86%,0.0%,0.0%
musicalwoodenspoons,Wooden spoons,22%,28.6%,26.2%
musicsheet,music sheet,80%,0.0%,2.4%
musicstand,Music stand,67%,0.0%,16.7%
musket,rifle,34%,0.0%,0.0%
muskox,bison,32%,2.4%,7.1%
mussel,Clam,38%,0.0%,2.4%
nailgun,Nail gun,46%,23.8%,14.3%
nametag01a,Name tag,33%,0.0%,2.4%
napkin,Napkin,41%,2.4%,2.4%
narwhal,Narwhal,52%,9.5%,23.8%
nightstand,drawer,26%,0.0%,4.8%
nintendods,Nintendo ds,44%,0.0%,2.4%
noisemaker,Noisemaker,28%,2.4%,28.6%
noparkingsign,no parking sign,95%,0.0%,0.0%
nose,nose,88%,0.0%,0.0%
nosmokingsign,No smoking sign,90%,0.0%,0.0%
nunchuk,Nunchuks,96%,11.9%,16.7%
nyala,antelope,19%,4.8%,19.0%
oats,oats,31%,5.0%,7.5%
officecabinet,Cabinet,36%,0.0%,5.0%
officechair03,Office chair,36%,0.0%,0.0%
onewaysign,One way Sign,33%,0.0%,4.8%
ostrich,Ostrich,95%,0.0%,4.8%
outdoorchair,chair,45%,0.0%,0.0%
outdoorfireplace,Fireplace,50%,11.9%,16.7%
outdoorheater,outdoor heater,30%,23.8%,14.3%
oven,Stove,45%,0.0%,0.0%
owl,owl,95%,0.0%,4.8%
oyster02,Oyster,53%,16.7%,7.1%
paddleball,Paddle Ball,29%,2.4%,26.2%
painting,Painting,71%,0.0%,0.0%
palmier,Pastry,23%,26.2%,9.5%
panda,panda,67%,0.0%,0.0%
paninigrill,grill,38%,2.4%,9.5%
paperairplane,paper airplane,69%,0.0%,0.0%
paperchain,Paper chain,32%,0.0%,23.8%
papershredder,paper shredder,55%,11.9%,7.1%
parachute,parachute,95%,0.0%,4.8%
parkbench02,bench,50%,0.0%,0.0%
parkfountain,fountain,64%,0.0%,0.0%
parkinggate,Parking gate,18%,4.8%,42.9%
parkingmeter,Parking meter,83%,0.0%,2.4%
parrot01,Parrot,71%,0.0%,2.4%
patiochair,chair,67%,0.0%,0.0%
patioumbrella,umbrella,53%,0.0%,7.1%
pavedsidewalk,Bricks,18%,0.0%,4.8%
payphone,Payphone,60%,0.0%,0.0%
peacock,peacock,98%,0.0%,2.4%
pecan02,Walnuts,45%,0.0%,2.4%
pedestriancrossingsign,Pedestrian crossing Sign,18%,0.0%,2.4%
penguin,penguin,87%,2.4%,4.8%
penne,pasta,39%,0.0%,0.0%
phonebooth,Phone booth,40%,0.0%,0.0%
phonejack,Phone jack,20%,7.1%,11.9%
photocopier,Photocopier,33%,0.0%,0.0%
pickaxe02,Pickaxe,55%,0.0%,11.9%
picnictable,Picnic Table,48%,0.0%,0.0%
pig,pig,90%,0.0%,0.0%
pigeon,Pigeon,79%,0.0%,0.0%
pilgrimhat,hat,69%,0.0%,7.1%
pillar,Pillar,32%,26.2%,11.9%
pin,pin,69%,0.0%,0.0%
pingpongtable,Ping pong Table,79%,0.0%,0.0%
pintofbeer,glass of beer,17%,0.0%,0.0%
pipe,pipe,50%,7.1%,4.8%
pipewrench,wrench,47%,4.8%,9.5%
pirateflag,Pirate flag,74%,0.0%,0.0%
pitchfork,Pitch fork,56%,0.0%,7.1%
plantpot,pot,26%,0.0%,0.0%
platypus,platypus,81%,7.1%,7.1%
playground,Playground,26%,0.0%,7.1%
podium,podium,34%,2.4%,11.9%
pokerchips,Poker chips,83%,0.0%,2.4%
pokerset,Poker set,45%,0.0%,9.5%
polarbear,Polar bear,90%,0.0%,0.0%
policetape,police tape,54%,0.0%,2.4%
poloshirt,shirt,32%,0.0%,0.0%
poolcue,Pool Cue,61%,2.4%,2.4%
poolnet,net,32%,0.0%,9.5%
pooltable,Pool table,98%,0.0%,0.0%
pooltriangle,pool triangle,30%,4.8%,19.0%
popcorn,popcorn,80%,2.4%,0.0%
porcupine,porcupine,93%,0.0%,4.8%
porsche,Car,38%,0.0%,0.0%
portapotty,Port-a-potty,40%,0.0%,0.0%
postalmailbox01,mail box,83%,0.0%,0.0%
postitnote,Post it notes,22%,11.9%,4.8%
pottery,pottery,15%,7.1%,14.3%
pouch01b,Pouch,29%,0.0%,7.1%
powerchair,scooter,15%,0.0%,21.4%
powerline,Power lines,30%,0.0%,11.9%
pressurewasher,Pressure washer,29%,26.2%,19.0%
pricesign,Price Sign,28%,0.0%,4.8%
proboscismonkey,monkey,73%,21.4%,26.2%
projectorscreen,Projector screen,40%,0.0%,7.1%
pugdog,dog,49%,0.0%,2.4%
puma,Cougar,28%,0.0%,2.4%
pumpkin,Pumpkin,98%,0.0%,0.0%
punchingbag,punching bag,83%,0.0%,0.0%
punchingball,punching bag,59%,0.0%,16.7%
puppettheatre,Puppet theatre,24%,0.0%,16.7%
pusharoundtoy,Toy,29%,0.0%,19.0%
puzzle,puzzle,48%,0.0%,0.0%
raccoon,Raccoon,97%,4.8%,16.7%
radiator,Radiator,44%,0.0%,9.5%
railfence,fence,29%,0.0%,9.8%
railwaycrossingsign,Railroad crossing,14%,0.0%,11.9%
rainboot,rainboot,29%,0.0%,0.0%
rainstick,Rain stick,19%,33.3%,23.8%
ram,Ram,34%,4.9%,4.9%
rawchicken,Chicken,33%,0.0%,0.0%
record,record,49%,0.0%,4.8%
recorder04,Recorder,51%,0.0%,0.0%
recyclingbin,Recycling bin,79%,0.0%,0.0%
redfox,Fox,88%,0.0%,0.0%
redlionfish,fish,82%,2.4%,19.0%
redonion,onion,57%,0.0%,0.0%
revolver,gun,43%,0.0%,0.0%
rhinoceros02,rhinoceros,51%,0.0%,2.4%
riverotter,otter,66%,7.1%,7.1%
road02,Road,71%,0.0%,0.0%
rockbass,fish,90%,0.0%,7.1%
rockingchair,rocking chair,55%,0.0%,0.0%
rockinghorse,Rocking horse,32%,2.4%,7.1%
rocklobster,Lobster,33%,9.5%,9.5%
rollerblade,Rollerblade,83%,0.0%,0.0%
rollercoaster,rollercoaster,48%,2.4%,2.4%
rooster,rooster,95%,0.0%,2.4%
rose,rose,79%,0.0%,0.0%
rowboat,boat,50%,4.8%,2.4%
rubikcube,Rubik cube,95%,0.0%,0.0%
ruins,Ruins,38%,0.0%,12.2%
safarihat,hat,40%,0.0%,0.0%
safe,Safe,80%,0.0%,2.4%
safetyglasses,Safety glasses,21%,0.0%,0.0%
sailboat,Sailboat,69%,0.0%,0.0%
saintbernard,dog,62%,0.0%,0.0%
saladspinner,Salad spinner,37%,7.1%,16.7%
salmon,fish,74%,2.4%,2.4%
salsa,Salsa,35%,4.8%,9.5%
saltshaker03a,Salt shaker,86%,0.0%,0.0%
sandbagthrowgame,Game,20%,45.2%,26.2%
sandbarshark,shark,90%,0.0%,0.0%
sandcastle,Sand castle,95%,0.0%,2.4%
sapsucker,bird,84%,0.0%,11.9%
sardinecan,Sardine can,35%,2.4%,9.5%
satellitedish01,Satellite dish,49%,4.8%,7.1%
sausage,Sausage,71%,0.0%,0.0%
saxophone,saxophone,85%,0.0%,2.4%
scalpel,Scalpel,56%,2.4%,19.0%
scanner,scanner,53%,0.0%,4.8%
schoolbus,school bus,98%,0.0%,0.0%
scissorlift,lift,33%,9.5%,50.0%
scooter,scooter,90%,0.0%,4.8%
scorpion,scorpion,90%,0.0%,2.4%
seagull,Seagull,71%,0.0%,0.0%
seal,seal,88%,0.0%,0.0%
sealion,seal,76%,0.0%,2.4%
seaturtle,turtle,62%,0.0%,0.0%
securitycamera,Security camera,40%,0.0%,2.4%
servingspoon01,Spoon,50%,0.0%,0.0%
shed02,shed,60%,0.0%,4.8%
sheep,Sheep,93%,0.0%,0.0%
shelf,Shelf,61%,0.0%,2.4%
shellpasta,Shell pasta,40%,0.0%,2.4%
shelves,Shelves,66%,0.0%,0.0%
sheriffhat,Sheriff hat,67%,0.0%,0.0%
shield02,Shield,73%,4.8%,4.8%
shinpad,Shin pad,32%,7.3%,2.4%
shipinabottle,Ship in a bottle,71%,0.0%,9.5%
shoepolish,Shoe polish,26%,35.7%,11.9%
shoppingcart,Shopping cart,68%,0.0%,0.0%
shopvac,vacuum,39%,0.0%,4.8%
shotglass,Shot glass,15%,23.8%,11.9%
shoulder,shoulder,64%,0.0%,0.0%
shoulderpad,Shoulder pads,31%,2.4%,9.5%
shovel01,shovel,83%,0.0%,0.0%
shower,shower,83%,0.0%,0.0%
showerhead01,shower head,88%,0.0%,0.0%
shrimp,shrimp,71%,2.4%,11.9%
siamesecat,cat,68%,0.0%,2.4%
sink,sink,74%,0.0%,0.0%
skateboard,skateboard,100%,0.0%,0.0%
skiboot01a,ski boot,70%,0.0%,2.4%
skigoggles01,Ski goggles,44%,0.0%,2.4%
skihelmet01,helmet,64%,0.0%,0.0%
skipole,Ski poles,67%,0.0%,9.5%
skippingrope,skipping rope,52%,0.0%,0.0%
skunk,skunk,98%,0.0%,2.4%
sledgehammer,hammer,60%,0.0%,0.0%
slug,slug,68%,4.8%,2.4%
slushiemachine,Slushie Machine,58%,0.0%,0.0%
smartboard,white board,60%,4.8%,0.0%
smokedetector02,Smoke detector,54%,4.8%,2.4%
smokedsalmon,Salmon,29%,0.0%,0.0%
smokingpipe,pipe,83%,0.0%,0.0%
snail,shell,40%,0.0%,0.0%
snowblower,snow blower,41%,7.1%,19.0%
snowboard,Snowboard,95%,0.0%,0.0%
snowglobe,snow globe,68%,0.0%,9.5%
snowman,snowman,100%,0.0%,0.0%
snowshoe,Snowshoe,88%,0.0%,16.7%
snowshovel,Snow shovel,56%,0.0%,0.0%
soccerball,soccer ball,98%,0.0%,0.0%
soccercleat01,Soccer cleat,26%,0.0%,0.0%
soundmixer,Sound mixer,17%,11.9%,11.9%
spacerocket,rocket,68%,2.4%,0.0%
spacerover,Mars rover,56%,31.0%,9.5%
spaghetti01,Spaghetti,57%,0.0%,0.0%
spear02,Spear,75%,4.8%,2.4%
speedball,punching bag,50%,0.0%,23.8%
spicerack,spice rack,85%,2.4%,2.4%
spiderweb,spider web,93%,0.0%,0.0%
spinningtoy,Toy,36%,4.8%,9.5%
sportsjersey,jersey,52%,0.0%,0.0%
spotlight,spot light,38%,0.0%,7.1%
springdoorstop,Door stop,43%,4.8%,21.4%
springroll,Spring roll,54%,0.0%,0.0%
sprinkler,Sprinkler,39%,2.4%,14.3%
sprouts,Sprouts,28%,11.9%,21.4%
squid,Squid,88%,7.3%,4.9%
squirrel,squirrel,100%,0.0%,0.0%
stairs,stairs,62%,0.0%,0.0%
staplegun,Staple gun,40%,4.8%,9.5%
star,Star,58%,9.5%,4.8%
statue,statue,88%,0.0%,2.4%
steamroller,Steam roller,52%,0.0%,21.4%
steeringwheel,Steering wheel,68%,0.0%,0.0%
stepladder,ladder,83%,0.0%,0.0%
stingray,Stingray,52%,0.0%,14.3%
stool01,Stool,88%,0.0%,0.0%
storagebin,Shelves,12%,0.0%,16.7%
stovetop,Stove top,18%,0.0%,2.4%
strap,Belt,56%,2.4%,21.4%
stroller,Stroller,56%,0.0%,2.4%
stubbywrench01a,wrench,100%,0.0%,4.9%
stuffedpuffin,bird,61%,7.1%,14.3%
sturgeon,fish,79%,12.2%,17.1%
suitofarmor,armor,53%,0.0%,0.0%
sunflowerseeds,Sunflower seeds,50%,2.4%,0.0%
surfboard,surf board,100%,11.9%,2.4%
swallow,bird,71%,0.0%,2.4%
swan,bird,38%,0.0%,4.8%
swimsuit,Shorts,55%,0.0%,0.0%
swing,swing,98%,0.0%,0.0%
swissarmyknife01a,pocket knife,43%,0.0%,2.4%
sword01,sword,81%,0.0%,0.0%
swordfish,sword fish,83%,0.0%,2.4%
tabascosauce,Tabasco Sauce,38%,2.4%,2.4%
table01,table,81%,0.0%,0.0%
tablesaw,Table saw,67%,28.6%,16.7%
taillight,Tail lights,27%,2.4%,7.1%
tambourine03,Tambourine,65%,0.0%,7.1%
tank,Tank,75%,0.0%,4.8%
tankertruck,truck,49%,0.0%,2.4%
tarantula,Tarantula,67%,0.0%,0.0%
taxisign,taxi sign,68%,0.0%,7.1%
telescope,telescope,95%,0.0%,2.4%
television,TV,24%,0.0%,0.0%
tennisracket,Tennis racket,62%,0.0%,0.0%
tent,tent,90%,0.0%,0.0%
tern,bird,88%,4.8%,11.9%
tie02,tie,79%,0.0%,0.0%
tiger02,tiger,95%,0.0%,0.0%
tire,tire,78%,0.0%,0.0%
toad,frog,55%,0.0%,0.0%
toasteroven,Toaster oven,67%,0.0%,0.0%
toilet,Toilet,90%,0.0%,0.0%
toiletbrush,Toilet brush,67%,0.0%,4.8%
tombstone,Tombstone,69%,0.0%,0.0%
tonfa,Baton,44%,14.3%,19.0%
toolbox02,Toolbox,93%,0.0%,2.4%
tortillachip,tortilla chip,38%,0.0%,0.0%
tortoise01,turtle,76%,0.0%,0.0%
totempole,Totem Pole,74%,0.0%,4.8%
toucan,Toucan,76%,0.0%,11.9%
towelrack,Towel rack,47%,0.0%,11.9%
tower,Tower,58%,4.8%,2.4%
townsquarepostclock,clock,45%,0.0%,4.8%
toyanimal05,toy horse,80%,2.4%,2.4%
toyfiretruck,toy truck,53%,0.0%,4.8%
toynutcracker,nutcracker,66%,0.0%,9.5%
toysoldier01b,Toy soldier,72%,0.0%,4.8%
toytanktruck,toy truck,67%,0.0%,0.0%
tractor,tractor,38%,0.0%,4.8%
trafficlight,Traffic light,56%,0.0%,2.4%
trailer,Trailer,62%,2.4%,11.9%
trailerhitchball,Trailer hitch,47%,31.0%,23.8%
trampoline,trampoline,93%,0.0%,0.0%
travelmug,Coffee mug,29%,0.0%,0.0%
treadmill,Treadmill,90%,0.0%,0.0%
tree,tree,95%,0.0%,0.0%
treestump,Tree stump,59%,0.0%,2.4%
treetrunk,Tree trunk,38%,4.8%,0.0%
triangle,triangle,79%,2.4%,11.9%
triangleruler01,Ruler,23%,0.0%,12.2%
tricornhat,hat,57%,9.5%,7.1%
tricycle,Tricycle,93%,0.0%,0.0%
trident01,Trident,44%,0.0%,11.9%
trojanhorse,Trojan horse,64%,0.0%,14.3%
trombone,Trombone,63%,0.0%,4.8%
trophy01,trophy,93%,0.0%,0.0%
trumpet,trumpet,83%,0.0%,2.4%
tuba,Tuba,35%,0.0%,2.4%
tulip02,tulip,76%,0.0%,0.0%
turkey,turkey,62%,0.0%,7.1%
turnip,Turnip,41%,0.0%,7.1%
turnstile,Turnstile,81%,2.4%,21.4%
uprightpiano01,Piano,88%,0.0%,0.0%
urinal,urinal,89%,7.1%,2.4%
usbcable01a,Usb cable,44%,0.0%,4.8%
vacuumcleaner01,vacuum,62%,0.0%,0.0%
videotape01b,cassette,35%,7.1%,2.4%
visor,visor,48%,0.0%,4.8%
volleyball,Volleyball,76%,0.0%,0.0%
vulture,Vulture,70%,2.4%,4.8%
waders,Waders,6%,0.0%,21.4%
wafflemaker,waffle maker,54%,0.0%,2.4%
wagonwheel,wheel,57%,0.0%,0.0%
walkietalkie,walkie talkie,73%,2.4%,0.0%
wallclock,clock,88%,0.0%,0.0%
walldeco01,Branches,22%,7.1%,7.1%
warthog,Warthog,38%,2.4%,14.3%
washingmachine,washing machine,63%,0.0%,0.0%
waterbottleholder,Water bottle holder,32%,28.6%,16.7%
watercolorpaintset,Paint,28%,0.0%,2.4%
watercooler,Water cooler,58%,0.0%,2.4%
waterfall,Waterfall,95%,0.0%,0.0%
waterfountain02,water fountain,78%,0.0%,0.0%
waterheater,Water heater,41%,7.3%,7.3%
waterlily,flower,65%,0.0%,4.8%
watervalve,Water valve,15%,0.0%,16.7%
weathervane,Weathervane,35%,0.0%,19.5%
webcam,Webcam,68%,7.1%,2.4%
weddingcake,wedding cake,59%,0.0%,2.4%
weedwacker,Weed whacker,32%,12.2%,14.6%
well,Well,75%,0.0%,2.4%
wetfloorsign,Wet floor Sign,18%,0.0%,7.1%
whaleshark,fish,42%,4.8%,16.7%
wheat,Wheat,72%,2.4%,0.0%
wheel04,wheel,51%,0.0%,4.8%
wheelbarrow01,wheel barrow,91%,0.0%,9.5%
wheelchair,Wheelchair,98%,0.0%,0.0%
whiteout,Whiteout,66%,0.0%,2.4%
whitetiger,tiger,44%,0.0%,2.4%
wiicontroller,Wii controller,26%,4.8%,2.4%
windmill,windmill,100%,0.0%,4.8%
windowblinds02,Blinds,46%,0.0%,2.4%
windowshutter,window,36%,2.4%,7.1%
windshieldwasherfluid,Windshield washer fluid,22%,0.0%,12.2%
windshieldwiper02,Windshield Wiper,82%,7.1%,2.4%
windsurfboard,Wind surfboard,25%,0.0%,16.7%
windturbine,windmill,56%,0.0%,11.9%
winniethepooh,Winnie the pooh,62%,0.0%,0.0%
witchhat,Witch hat,86%,0.0%,0.0%
womenwashroomsign,women's bathroom sign,29%,0.0%,0.0%
woodencrate01,box,36%,9.5%,4.8%
woodenfence,fence,62%,0.0%,2.4%
woodenshoe,wooden shoe,50%,23.8%,4.8%
worldmap,World map,67%,0.0%,0.0%
xylophone,xylophone,89%,0.0%,11.9%
zebra,zebra,98%,0.0%,0.0%
zipper,zipper,100%,0.0%,0.0%
